<?xml version="1.0" encoding="iso-8859-1"?>
<sspaceex xmlns="http://www-verimag.imag.fr/xml-namespaces/sspaceex" version="0.2" math="SpaceEx">
  <component id="CM1">
    <param name="x_CM1" type="real" local="true" d1="1" d2="1" dynamics="any" />
    <param name="SM3_x" type="real" local="false" d1="1" d2="1" dynamics="any" controlled="false" />
    <param name="CM1" type="real" local="false" d1="1" d2="1" dynamics="any" />
    <param name="sync" type="label" local="false" />
    <param name="send" type="label" local="false" />
    <param name="delay" type="real" local="false" d1="1" d2="1" dynamics="const" />
    <param name="back" type="label" local="false" />
    <param name="max_drift" type="real" local="false" d1="1" d2="1" dynamics="const" />
    <location id="1" name="receive" x="233.0" y="134.0" width="114.0" height="88.0">
      <invariant>x_CM1&lt;=0</invariant>
      <flow>x_CM1'==1 &amp;
CM1' ==0</flow>
    </location>
    <location id="2" name="correct" x="615.0" y="135.0" width="108.0" height="86.0">
      <invariant>x_CM1&lt;=0</invariant>
      <flow>x_CM1'==1 &amp;
CM1' ==0</flow>
    </location>
    <location id="3" name="waiting" x="237.0" y="284.0" width="136.0" height="84.0">
      <invariant>x_CM1&lt;= delay</invariant>
      <flow>x_CM1'==1 &amp;
CM1' ==0</flow>
    </location>
    <transition source="1" target="2">
      <label>sync</label>
      <labelposition x="-62.0" y="-28.0" width="144.0" height="76.0" />
    </transition>
    <transition source="3" target="1">
      <label>send</label>
      <guard>x_CM1&gt;= delay</guard>
      <assignment>CM1:=SM3_x &amp;
x_CM1:=0</assignment>
      <labelposition x="45.0" y="-32.0" width="120.0" height="74.0" />
    </transition>
    <transition source="2" target="3">
      <label>back</label>
      <labelposition x="-81.0" y="-40.0" width="84.0" height="50.0" />
      <middlepoint x="617.0" y="283.5" />
    </transition>
  </component>
  <component id="CM2">
    <param name="x_CM2" type="real" local="true" d1="1" d2="1" dynamics="any" />
    <param name="SM3_x" type="real" local="false" d1="1" d2="1" dynamics="any" controlled="false" />
    <param name="CM2" type="real" local="false" d1="1" d2="1" dynamics="any" />
    <param name="sync" type="label" local="false" />
    <param name="send" type="label" local="false" />
    <param name="delay" type="real" local="false" d1="1" d2="1" dynamics="const" />
    <param name="back" type="label" local="false" />
    <param name="max_drift" type="real" local="false" d1="1" d2="1" dynamics="const" />
    <location id="1" name="receive" x="233.0" y="134.0" width="114.0" height="88.0">
      <invariant>x_CM2&lt;=0</invariant>
      <flow>x_CM2'==1 &amp;
CM2' ==0</flow>
    </location>
    <location id="2" name="correct" x="615.0" y="135.0" width="108.0" height="86.0">
      <invariant>x_CM2&lt;=0</invariant>
      <flow>x_CM2'==1 &amp;
CM2' ==0</flow>
    </location>
    <location id="3" name="waiting" x="237.0" y="284.0" width="136.0" height="84.0">
      <invariant>x_CM2&lt;= delay</invariant>
      <flow>x_CM2'==1 &amp;
CM2' ==0</flow>
    </location>
    <transition source="1" target="2">
      <label>sync</label>
      <labelposition x="-62.0" y="-28.0" width="144.0" height="76.0" />
    </transition>
    <transition source="3" target="1">
      <label>send</label>
      <guard>x_CM2&gt;= delay</guard>
      <assignment>CM2:=SM3_x &amp;
x_CM2:=0</assignment>
      <labelposition x="46.0" y="-38.0" width="120.0" height="74.0" />
    </transition>
    <transition source="2" target="3">
      <label>back</label>
      <labelposition x="-81.0" y="-40.0" width="84.0" height="50.0" />
      <middlepoint x="617.0" y="283.5" />
    </transition>
  </component>
  <component id="SM1">
    <param name="SM1_x" type="real" local="false" d1="1" d2="1" dynamics="any" />
    <param name="send" type="label" local="false" />
    <param name="CM1" type="real" local="false" d1="1" d2="1" dynamics="any" controlled="false" />
    <param name="CM2" type="real" local="false" d1="1" d2="1" dynamics="any" controlled="false" />
    <param name="drift" type="real" local="false" d1="1" d2="1" dynamics="const" />
    <param name="back" type="label" local="false" />
    <param name="sync" type="label" local="false" />
    <location id="1" name="send" x="275.0" y="111.0" width="152.0" height="92.0">
      <flow>SM1_x'==1</flow>
    </location>
    <location id="2" name="sync" x="647.0" y="112.0" width="144.0" height="88.0">
      <flow>SM1_x'==1</flow>
    </location>
    <location id="3" name="work" x="276.0" y="259.0" width="160.0" height="92.0">
      <flow>SM1_x'== 1</flow>
    </location>
    <transition source="1" target="2">
      <label>sync</label>
      <assignment>SM1_x:=(CM1 + CM2)/2</assignment>
      <labelposition x="-104.0" y="-24.0" width="214.0" height="54.0" />
    </transition>
    <transition source="3" target="1">
      <label>send</label>
      <assignment>SM1_x:= SM1_x +drift</assignment>
      <labelposition x="12.0" y="-20.0" width="170.0" height="50.0" />
    </transition>
    <transition source="2" target="3">
      <label>back</label>
      <labelposition x="-177.0" y="-47.0" width="174.0" height="50.0" />
      <middlepoint x="646.5" y="257.5" />
    </transition>
  </component>
  <component id="SM2">
    <param name="SM2_x" type="real" local="false" d1="1" d2="1" dynamics="any" />
    <param name="send" type="label" local="false" />
    <param name="CM1" type="real" local="false" d1="1" d2="1" dynamics="any" controlled="false" />
    <param name="CM2" type="real" local="false" d1="1" d2="1" dynamics="any" controlled="false" />
    <param name="drift" type="real" local="false" d1="1" d2="1" dynamics="const" />
    <param name="back" type="label" local="false" />
    <param name="sync" type="label" local="false" />
    <location id="1" name="send" x="275.0" y="111.0" width="152.0" height="92.0">
      <flow>SM2_x'==1</flow>
    </location>
    <location id="2" name="sync" x="647.0" y="112.0" width="144.0" height="88.0">
      <flow>SM2_x'==1</flow>
    </location>
    <location id="3" name="work" x="276.0" y="259.0" width="160.0" height="92.0">
      <flow>SM2_x'== 1</flow>
    </location>
    <transition source="1" target="2">
      <label>sync</label>
      <assignment>SM2_x:=(CM1 + CM2)/2</assignment>
      <labelposition x="-104.0" y="-24.0" width="214.0" height="54.0" />
    </transition>
    <transition source="3" target="1">
      <label>send</label>
      <assignment>SM2_x:= SM2_x +drift</assignment>
      <labelposition x="12.0" y="-20.0" width="170.0" height="50.0" />
    </transition>
    <transition source="2" target="3">
      <label>back</label>
      <labelposition x="-177.0" y="-47.0" width="174.0" height="50.0" />
      <middlepoint x="646.5" y="257.5" />
    </transition>
  </component>
  <component id="SM3">
    <param name="SM3_x" type="real" local="false" d1="1" d2="1" dynamics="any" />
    <param name="send" type="label" local="false" />
    <param name="CM1" type="real" local="false" d1="1" d2="1" dynamics="any" controlled="false" />
    <param name="CM2" type="real" local="false" d1="1" d2="1" dynamics="any" controlled="false" />
    <param name="drift" type="real" local="false" d1="1" d2="1" dynamics="const" />
    <param name="back" type="label" local="false" />
    <param name="sync" type="label" local="false" />
    <location id="1" name="send" x="275.0" y="111.0" width="152.0" height="92.0">
      <flow>SM3_x'==1</flow>
    </location>
    <location id="2" name="sync" x="647.0" y="112.0" width="144.0" height="88.0">
      <flow>SM3_x'==1</flow>
    </location>
    <location id="3" name="work" x="276.0" y="259.0" width="160.0" height="92.0">
      <flow>SM3_x'== 1</flow>
    </location>
    <transition source="1" target="2">
      <label>sync</label>
      <assignment>SM3_x:=(CM1 + CM2)/2</assignment>
      <labelposition x="-104.0" y="-24.0" width="214.0" height="54.0" />
    </transition>
    <transition source="3" target="1">
      <label>send</label>
      <assignment>SM3_x:= SM3_x +drift</assignment>
      <labelposition x="12.0" y="-20.0" width="170.0" height="50.0" />
    </transition>
    <transition source="2" target="3">
      <label>back</label>
      <labelposition x="-177.0" y="-47.0" width="174.0" height="50.0" />
      <middlepoint x="646.5" y="257.5" />
    </transition>
  </component>
  <component id="SM4">
    <param name="SM4_x" type="real" local="false" d1="1" d2="1" dynamics="any" />
    <param name="send" type="label" local="false" />
    <param name="CM1" type="real" local="false" d1="1" d2="1" dynamics="any" controlled="false" />
    <param name="CM2" type="real" local="false" d1="1" d2="1" dynamics="any" controlled="false" />
    <param name="drift" type="real" local="false" d1="1" d2="1" dynamics="const" />
    <param name="back" type="label" local="false" />
    <param name="sync" type="label" local="false" />
    <location id="1" name="send" x="275.0" y="111.0" width="152.0" height="92.0">
      <flow>SM4_x'==1</flow>
    </location>
    <location id="2" name="sync" x="647.0" y="112.0" width="144.0" height="88.0">
      <flow>SM4_x'==1</flow>
    </location>
    <location id="3" name="work" x="276.0" y="259.0" width="160.0" height="92.0">
      <flow>SM4_x'== 1</flow>
    </location>
    <transition source="1" target="2">
      <label>sync</label>
      <assignment>SM4_x:=(CM1 + CM2)/2</assignment>
      <labelposition x="-104.0" y="-24.0" width="214.0" height="54.0" />
    </transition>
    <transition source="3" target="1">
      <label>send</label>
      <assignment>SM4_x:= SM4_x +drift</assignment>
      <labelposition x="12.0" y="-20.0" width="170.0" height="50.0" />
    </transition>
    <transition source="2" target="3">
      <label>back</label>
      <labelposition x="-177.0" y="-47.0" width="174.0" height="50.0" />
      <middlepoint x="646.5" y="257.5" />
    </transition>
  </component>
  <component id="SM5">
    <param name="SM5_x" type="real" local="false" d1="1" d2="1" dynamics="any" />
    <param name="send" type="label" local="false" />
    <param name="CM1" type="real" local="false" d1="1" d2="1" dynamics="any" controlled="false" />
    <param name="CM2" type="real" local="false" d1="1" d2="1" dynamics="any" controlled="false" />
    <param name="drift" type="real" local="false" d1="1" d2="1" dynamics="const" />
    <param name="back" type="label" local="false" />
    <param name="sync" type="label" local="false" />
    <location id="1" name="send" x="275.0" y="111.0" width="152.0" height="92.0">
      <flow>SM5_x'==1</flow>
    </location>
    <location id="2" name="sync" x="647.0" y="112.0" width="144.0" height="88.0">
      <flow>SM5_x'==1</flow>
    </location>
    <location id="3" name="work" x="276.0" y="259.0" width="160.0" height="92.0">
      <flow>SM5_x'== 1</flow>
    </location>
    <transition source="1" target="2">
      <label>sync</label>
      <assignment>SM5_x:=(CM1 + CM2)/2</assignment>
      <labelposition x="-104.0" y="-24.0" width="214.0" height="54.0" />
    </transition>
    <transition source="3" target="1">
      <label>send</label>
      <assignment>SM5_x:= SM5_x +drift</assignment>
      <labelposition x="12.0" y="-20.0" width="170.0" height="50.0" />
    </transition>
    <transition source="2" target="3">
      <label>back</label>
      <labelposition x="-177.0" y="-47.0" width="174.0" height="50.0" />
      <middlepoint x="646.5" y="257.5" />
    </transition>
  </component>
  <component id="Time">
    <param name="t" type="real" local="false" d1="1" d2="1" dynamics="any" />
    <param name="trans" type="label" local="true" />
    <location id="1" name="timing" x="219.0" y="212.0">
      <invariant>t&lt;=1000</invariant>
      <flow>t'==1</flow>
    </location>
    <transition source="1" target="1">
      <label>trans</label>
      <guard>t&gt;=1000</guard>
      <assignment>t:=0</assignment>
      <labelposition x="49.0" y="-20.0" width="90.0" height="50.0" />
    </transition>
  </component>
  <component id="System">
    <param name="SM3_x" type="real" local="false" d1="1" d2="1" dynamics="any" controlled="true" />
    <param name="CM1" type="real" local="false" d1="1" d2="1" dynamics="any" controlled="true" />
    <param name="sync" type="label" local="false" />
    <param name="send" type="label" local="false" />
    <param name="delay" type="real" local="false" d1="1" d2="1" dynamics="const" controlled="true" />
    <param name="back" type="label" local="false" />
    <param name="max_drift" type="real" local="false" d1="1" d2="1" dynamics="const" controlled="true" />
    <param name="CM2" type="real" local="false" d1="1" d2="1" dynamics="any" controlled="true" />
    <param name="SM1_x" type="real" local="false" d1="1" d2="1" dynamics="any" controlled="true" />
    <param name="drift" type="real" local="false" d1="1" d2="1" dynamics="const" controlled="true" />
    <param name="SM2_x" type="real" local="false" d1="1" d2="1" dynamics="any" controlled="true" />
    <param name="SM4_x" type="real" local="false" d1="1" d2="1" dynamics="any" controlled="true" />
    <param name="SM5_x" type="real" local="false" d1="1" d2="1" dynamics="any" controlled="true" />
    <param name="t" type="real" local="false" d1="1" d2="1" dynamics="any" controlled="true" />
    <bind component="CM1" as="CM1_1" x="239.0" y="65.0">
      <map key="SM3_x">SM3_x</map>
      <map key="CM1">CM1</map>
      <map key="sync">sync</map>
      <map key="send">send</map>
      <map key="delay">delay</map>
      <map key="back">back</map>
      <map key="max_drift">max_drift</map>
    </bind>
    <bind component="CM2" as="CM2_1" x="312.0" y="67.0">
      <map key="SM3_x">SM3_x</map>
      <map key="CM2">CM2</map>
      <map key="sync">sync</map>
      <map key="send">send</map>
      <map key="delay">delay</map>
      <map key="back">back</map>
      <map key="max_drift">max_drift</map>
    </bind>
    <bind component="SM1" as="SM1_1" x="254.0" y="215.0">
      <map key="SM1_x">SM1_x</map>
      <map key="send">send</map>
      <map key="CM1">CM1</map>
      <map key="CM2">CM2</map>
      <map key="drift">drift</map>
      <map key="back">back</map>
      <map key="sync">sync</map>
    </bind>
    <bind component="SM2" as="SM2_1" x="326.0" y="216.0">
      <map key="SM2_x">SM2_x</map>
      <map key="send">send</map>
      <map key="CM1">CM1</map>
      <map key="CM2">CM2</map>
      <map key="drift">drift</map>
      <map key="back">back</map>
      <map key="sync">sync</map>
    </bind>
    <bind component="SM3" as="SM3_1" x="402.0" y="213.0">
      <map key="SM3_x">SM3_x</map>
      <map key="send">send</map>
      <map key="CM1">CM1</map>
      <map key="CM2">CM2</map>
      <map key="drift">drift</map>
      <map key="back">back</map>
      <map key="sync">sync</map>
    </bind>
    <bind component="SM4" as="SM4_1" x="476.0" y="221.0">
      <map key="SM4_x">SM4_x</map>
      <map key="send">send</map>
      <map key="CM1">CM1</map>
      <map key="CM2">CM2</map>
      <map key="drift">drift</map>
      <map key="back">back</map>
      <map key="sync">sync</map>
    </bind>
    <bind component="SM5" as="SM5_1" x="553.0" y="222.0">
      <map key="SM5_x">SM5_x</map>
      <map key="send">send</map>
      <map key="CM1">CM1</map>
      <map key="CM2">CM2</map>
      <map key="drift">drift</map>
      <map key="back">back</map>
      <map key="sync">sync</map>
    </bind>
    <bind component="Time" as="Time_1" x="426.0" y="373.0">
      <map key="t">t</map>
    </bind>
  </component>
</sspaceex>

