<?xml version="1.0" encoding="iso-8859-1"?>
<sspaceex xmlns="http://www-verimag.imag.fr/xml-namespaces/sspaceex" version="0.2" math="SpaceEx">
  <component id="CM1">
    <param name="x_CM1" type="real" local="false" d1="1" d2="1" dynamics="any" controlled="false" />
    <param name="SM3_x" type="real" local="false" d1="1" d2="1" dynamics="any" controlled="false" />
    <param name="CM1" type="real" local="false" d1="1" d2="1" dynamics="any" />
    <param name="sync" type="label" local="false" />
    <param name="send" type="label" local="false" />
    <param name="delay" type="real" local="false" d1="1" d2="1" dynamics="const" />
    <param name="back" type="label" local="false" />
    <param name="reset" type="label" local="false" />
    <location id="1" name="receive" x="233.0" y="134.0" width="114.0" height="88.0">
      <invariant>x_CM1&lt;=0</invariant>
      <flow>CM1' ==0</flow>
    </location>
    <location id="2" name="correct" x="615.0" y="135.0" width="108.0" height="86.0">
      <invariant>x_CM1&lt;=0</invariant>
      <flow>CM1' ==0</flow>
    </location>
    <location id="3" name="waiting" x="237.0" y="284.0" width="136.0" height="84.0">
      <invariant>x_CM1&lt;= delay</invariant>
      <flow>CM1' ==0</flow>
    </location>
    <location id="4" name="lu" x="473.0" y="212.0">
      <invariant>x_CM1&lt;=0</invariant>
      <flow>CM1' ==0</flow>
    </location>
    <transition source="1" target="2">
      <label>sync</label>
      <labelposition x="-62.0" y="-28.0" width="144.0" height="76.0" />
    </transition>
    <transition source="2" target="3">
      <label>back</label>
      <labelposition x="-81.0" y="-40.0" width="84.0" height="50.0" />
      <middlepoint x="617.0" y="283.5" />
    </transition>
    <transition source="3" target="4">
      <label>reset</label>
      <labelposition x="0.0" y="0.0" />
    </transition>
    <transition source="4" target="1">
      <label>send</label>
      <assignment>CM1:=SM3_x</assignment>
      <labelposition x="-48.0" y="-27.0" width="112.0" height="72.0" />
    </transition>
  </component>
  <component id="CM2">
    <param name="x_CM1" type="real" local="false" d1="1" d2="1" dynamics="any" controlled="false" />
    <param name="SM3_x" type="real" local="false" d1="1" d2="1" dynamics="any" controlled="false" />
    <param name="CM2" type="real" local="false" d1="1" d2="1" dynamics="any" />
    <param name="sync" type="label" local="false" />
    <param name="send" type="label" local="false" />
    <param name="delay" type="real" local="false" d1="1" d2="1" dynamics="const" />
    <param name="back" type="label" local="false" />
    <param name="reset" type="label" local="false" />
    <location id="1" name="receive" x="233.0" y="134.0" width="114.0" height="88.0">
      <invariant>x_CM1&lt;=0</invariant>
      <flow>CM2' ==0</flow>
    </location>
    <location id="2" name="correct" x="615.0" y="135.0" width="108.0" height="86.0">
      <invariant>x_CM1&lt;=0</invariant>
      <flow>CM2' ==0</flow>
    </location>
    <location id="3" name="waiting" x="237.0" y="284.0" width="136.0" height="84.0">
      <invariant>x_CM1&lt;= delay</invariant>
      <flow>CM2' ==0</flow>
    </location>
    <location id="4" name="lu" x="445.0" y="211.0">
      <invariant>x_CM1&lt;=0</invariant>
      <flow>CM2' ==0</flow>
    </location>
    <transition source="1" target="2">
      <label>sync</label>
      <labelposition x="-62.0" y="-28.0" width="144.0" height="76.0" />
    </transition>
    <transition source="2" target="3">
      <label>back</label>
      <labelposition x="-81.0" y="-40.0" width="84.0" height="50.0" />
      <middlepoint x="617.0" y="283.5" />
    </transition>
    <transition source="3" target="4">
      <label>reset</label>
      <labelposition x="0.0" y="0.0" />
    </transition>
    <transition source="4" target="1">
      <label>send</label>
      <assignment>CM2:=SM3_x</assignment>
      <labelposition x="-50.0" y="4.0" width="92.0" height="50.0" />
    </transition>
  </component>
  <component id="SM1">
    <param name="send" type="label" local="false" />
    <param name="back" type="label" local="false" />
    <param name="sync" type="label" local="false" />
    <param name="reset" type="label" local="false" />
    <location id="1" name="send" x="280.0" y="223.0" width="152.0" height="92.0" />
    <location id="2" name="sync" x="652.0" y="224.0" width="144.0" height="88.0" />
    <location id="3" name="work" x="281.0" y="371.0" width="160.0" height="92.0" />
    <location id="4" name="lu" x="465.0" y="314.0" />
    <transition source="2" target="3">
      <label>back</label>
      <labelposition x="-177.0" y="-47.0" width="174.0" height="50.0" />
      <middlepoint x="651.5" y="369.5" />
    </transition>
    <transition source="1" target="2">
      <label>sync</label>
      <labelposition x="-76.0" y="-21.0" width="166.0" height="50.0" />
    </transition>
    <transition source="3" target="4">
      <label>reset</label>
      <labelposition x="-2.0" y="-34.0" />
    </transition>
    <transition source="4" target="1">
      <label>send</label>
      <labelposition x="-3.0" y="-11.0" />
    </transition>
  </component>
  <component id="SM2">
    <param name="send" type="label" local="false" />
    <param name="back" type="label" local="false" />
    <param name="sync" type="label" local="false" />
    <param name="reset" type="label" local="false" />
    <location id="1" name="send" x="280.0" y="223.0" width="152.0" height="92.0" />
    <location id="2" name="sync" x="652.0" y="224.0" width="144.0" height="88.0" />
    <location id="3" name="work" x="281.0" y="371.0" width="160.0" height="92.0" />
    <location id="4" name="lu" x="465.0" y="314.0" />
    <transition source="2" target="3">
      <label>back</label>
      <labelposition x="-177.0" y="-47.0" width="174.0" height="50.0" />
      <middlepoint x="651.5" y="369.5" />
    </transition>
    <transition source="1" target="2">
      <label>sync</label>
      <labelposition x="-76.0" y="-21.0" width="166.0" height="50.0" />
    </transition>
    <transition source="3" target="4">
      <label>reset</label>
      <labelposition x="-2.0" y="-34.0" />
    </transition>
    <transition source="4" target="1">
      <label>send</label>
      <labelposition x="-3.0" y="-11.0" />
    </transition>
  </component>
  <component id="SM3">
    <param name="send" type="label" local="false" />
    <param name="back" type="label" local="false" />
    <param name="sync" type="label" local="false" />
    <param name="reset" type="label" local="false" />
    <location id="1" name="send" x="280.0" y="223.0" width="152.0" height="92.0" />
    <location id="2" name="sync" x="652.0" y="224.0" width="144.0" height="88.0" />
    <location id="3" name="work" x="281.0" y="371.0" width="160.0" height="92.0" />
    <location id="4" name="lu" x="465.0" y="314.0" />
    <transition source="2" target="3">
      <label>back</label>
      <labelposition x="-177.0" y="-47.0" width="174.0" height="50.0" />
      <middlepoint x="651.5" y="369.5" />
    </transition>
    <transition source="1" target="2">
      <label>sync</label>
      <labelposition x="-76.0" y="-21.0" width="166.0" height="50.0" />
    </transition>
    <transition source="3" target="4">
      <label>reset</label>
      <labelposition x="-2.0" y="-34.0" />
    </transition>
    <transition source="4" target="1">
      <label>send</label>
      <labelposition x="-3.0" y="-11.0" />
    </transition>
  </component>
  <component id="SM4">
    <param name="send" type="label" local="false" />
    <param name="back" type="label" local="false" />
    <param name="sync" type="label" local="false" />
    <param name="reset" type="label" local="false" />
    <location id="1" name="send" x="280.0" y="223.0" width="152.0" height="92.0" />
    <location id="2" name="sync" x="652.0" y="224.0" width="144.0" height="88.0" />
    <location id="3" name="work" x="281.0" y="371.0" width="160.0" height="92.0" />
    <location id="4" name="lu" x="465.0" y="314.0" />
    <transition source="2" target="3">
      <label>back</label>
      <labelposition x="-177.0" y="-47.0" width="174.0" height="50.0" />
      <middlepoint x="651.5" y="369.5" />
    </transition>
    <transition source="1" target="2">
      <label>sync</label>
      <labelposition x="-76.0" y="-21.0" width="166.0" height="50.0" />
    </transition>
    <transition source="3" target="4">
      <label>reset</label>
      <labelposition x="-2.0" y="-34.0" />
    </transition>
    <transition source="4" target="1">
      <label>send</label>
      <labelposition x="-3.0" y="-11.0" />
    </transition>
  </component>
  <component id="SM5">
    <param name="send" type="label" local="false" />
    <param name="back" type="label" local="false" />
    <param name="sync" type="label" local="false" />
    <param name="reset" type="label" local="false" />
    <location id="1" name="send" x="280.0" y="223.0" width="152.0" height="92.0" />
    <location id="2" name="sync" x="652.0" y="224.0" width="144.0" height="88.0" />
    <location id="3" name="work" x="281.0" y="371.0" width="160.0" height="92.0" />
    <location id="4" name="lu" x="465.0" y="314.0" />
    <transition source="2" target="3">
      <label>back</label>
      <labelposition x="-177.0" y="-47.0" width="174.0" height="50.0" />
      <middlepoint x="651.5" y="369.5" />
    </transition>
    <transition source="1" target="2">
      <label>sync</label>
      <labelposition x="-76.0" y="-21.0" width="166.0" height="50.0" />
    </transition>
    <transition source="3" target="4">
      <label>reset</label>
      <labelposition x="-2.0" y="-34.0" />
    </transition>
    <transition source="4" target="1">
      <label>send</label>
      <labelposition x="-3.0" y="-11.0" />
    </transition>
  </component>
  <component id="SM6">
    <param name="send" type="label" local="false" />
    <param name="back" type="label" local="false" />
    <param name="sync" type="label" local="false" />
    <param name="reset" type="label" local="false" />
    <location id="1" name="send" x="280.0" y="223.0" width="152.0" height="92.0" />
    <location id="2" name="sync" x="652.0" y="224.0" width="144.0" height="88.0" />
    <location id="3" name="work" x="281.0" y="371.0" width="160.0" height="92.0" />
    <location id="4" name="lu" x="465.0" y="314.0" />
    <transition source="2" target="3">
      <label>back</label>
      <labelposition x="-177.0" y="-47.0" width="174.0" height="50.0" />
      <middlepoint x="651.5" y="369.5" />
    </transition>
    <transition source="1" target="2">
      <label>sync</label>
      <labelposition x="-76.0" y="-21.0" width="166.0" height="50.0" />
    </transition>
    <transition source="3" target="4">
      <label>reset</label>
      <labelposition x="-2.0" y="-34.0" />
    </transition>
    <transition source="4" target="1">
      <label>send</label>
      <labelposition x="-3.0" y="-11.0" />
    </transition>
  </component>
  <component id="SM7">
    <param name="send" type="label" local="false" />
    <param name="back" type="label" local="false" />
    <param name="sync" type="label" local="false" />
    <param name="reset" type="label" local="false" />
    <location id="1" name="send" x="280.0" y="223.0" width="152.0" height="92.0" />
    <location id="2" name="sync" x="652.0" y="224.0" width="144.0" height="88.0" />
    <location id="3" name="work" x="281.0" y="371.0" width="160.0" height="92.0" />
    <location id="4" name="lu" x="465.0" y="314.0" />
    <transition source="2" target="3">
      <label>back</label>
      <labelposition x="-177.0" y="-47.0" width="174.0" height="50.0" />
      <middlepoint x="651.5" y="369.5" />
    </transition>
    <transition source="1" target="2">
      <label>sync</label>
      <labelposition x="-76.0" y="-21.0" width="166.0" height="50.0" />
    </transition>
    <transition source="3" target="4">
      <label>reset</label>
      <labelposition x="-2.0" y="-34.0" />
    </transition>
    <transition source="4" target="1">
      <label>send</label>
      <labelposition x="-3.0" y="-11.0" />
    </transition>
  </component>
  <component id="SM8">
    <param name="send" type="label" local="false" />
    <param name="back" type="label" local="false" />
    <param name="sync" type="label" local="false" />
    <param name="reset" type="label" local="false" />
    <location id="1" name="send" x="280.0" y="223.0" width="152.0" height="92.0" />
    <location id="2" name="sync" x="652.0" y="224.0" width="144.0" height="88.0" />
    <location id="3" name="work" x="281.0" y="371.0" width="160.0" height="92.0" />
    <location id="4" name="lu" x="465.0" y="314.0" />
    <transition source="2" target="3">
      <label>back</label>
      <labelposition x="-177.0" y="-47.0" width="174.0" height="50.0" />
      <middlepoint x="651.5" y="369.5" />
    </transition>
    <transition source="1" target="2">
      <label>sync</label>
      <labelposition x="-76.0" y="-21.0" width="166.0" height="50.0" />
    </transition>
    <transition source="3" target="4">
      <label>reset</label>
      <labelposition x="-2.0" y="-34.0" />
    </transition>
    <transition source="4" target="1">
      <label>send</label>
      <labelposition x="-3.0" y="-11.0" />
    </transition>
  </component>
  <component id="SM9">
    <param name="send" type="label" local="false" />
    <param name="back" type="label" local="false" />
    <param name="sync" type="label" local="false" />
    <param name="reset" type="label" local="false" />
    <location id="1" name="send" x="280.0" y="223.0" width="152.0" height="92.0" />
    <location id="2" name="sync" x="652.0" y="224.0" width="144.0" height="88.0" />
    <location id="3" name="work" x="281.0" y="371.0" width="160.0" height="92.0" />
    <location id="4" name="lu" x="465.0" y="314.0" />
    <transition source="2" target="3">
      <label>back</label>
      <labelposition x="-177.0" y="-47.0" width="174.0" height="50.0" />
      <middlepoint x="651.5" y="369.5" />
    </transition>
    <transition source="1" target="2">
      <label>sync</label>
      <labelposition x="-76.0" y="-21.0" width="166.0" height="50.0" />
    </transition>
    <transition source="3" target="4">
      <label>reset</label>
      <labelposition x="-2.0" y="-34.0" />
    </transition>
    <transition source="4" target="1">
      <label>send</label>
      <labelposition x="-3.0" y="-11.0" />
    </transition>
  </component>
  <component id="SM10">
    <param name="send" type="label" local="false" />
    <param name="back" type="label" local="false" />
    <param name="sync" type="label" local="false" />
    <param name="reset" type="label" local="false" />
    <location id="1" name="send" x="280.0" y="223.0" width="152.0" height="92.0" />
    <location id="2" name="sync" x="652.0" y="224.0" width="144.0" height="88.0" />
    <location id="3" name="work" x="281.0" y="371.0" width="160.0" height="92.0" />
    <location id="4" name="lu" x="465.0" y="314.0" />
    <transition source="2" target="3">
      <label>back</label>
      <labelposition x="-177.0" y="-47.0" width="174.0" height="50.0" />
      <middlepoint x="651.5" y="369.5" />
    </transition>
    <transition source="1" target="2">
      <label>sync</label>
      <labelposition x="-76.0" y="-21.0" width="166.0" height="50.0" />
    </transition>
    <transition source="3" target="4">
      <label>reset</label>
      <labelposition x="-2.0" y="-34.0" />
    </transition>
    <transition source="4" target="1">
      <label>send</label>
      <labelposition x="-3.0" y="-11.0" />
    </transition>
  </component>
  <component id="SM11">
    <param name="send" type="label" local="false" />
    <param name="back" type="label" local="false" />
    <param name="sync" type="label" local="false" />
    <param name="reset" type="label" local="false" />
    <location id="1" name="send" x="280.0" y="223.0" width="152.0" height="92.0" />
    <location id="2" name="sync" x="652.0" y="224.0" width="144.0" height="88.0" />
    <location id="3" name="work" x="281.0" y="371.0" width="160.0" height="92.0" />
    <location id="4" name="lu" x="465.0" y="314.0" />
    <transition source="2" target="3">
      <label>back</label>
      <labelposition x="-177.0" y="-47.0" width="174.0" height="50.0" />
      <middlepoint x="651.5" y="369.5" />
    </transition>
    <transition source="1" target="2">
      <label>sync</label>
      <labelposition x="-76.0" y="-21.0" width="166.0" height="50.0" />
    </transition>
    <transition source="3" target="4">
      <label>reset</label>
      <labelposition x="-2.0" y="-34.0" />
    </transition>
    <transition source="4" target="1">
      <label>send</label>
      <labelposition x="-3.0" y="-11.0" />
    </transition>
  </component>
  <component id="SM12">
    <param name="send" type="label" local="false" />
    <param name="back" type="label" local="false" />
    <param name="sync" type="label" local="false" />
    <param name="reset" type="label" local="false" />
    <location id="1" name="send" x="280.0" y="223.0" width="152.0" height="92.0" />
    <location id="2" name="sync" x="652.0" y="224.0" width="144.0" height="88.0" />
    <location id="3" name="work" x="281.0" y="371.0" width="160.0" height="92.0" />
    <location id="4" name="lu" x="465.0" y="314.0" />
    <transition source="2" target="3">
      <label>back</label>
      <labelposition x="-177.0" y="-47.0" width="174.0" height="50.0" />
      <middlepoint x="651.5" y="369.5" />
    </transition>
    <transition source="1" target="2">
      <label>sync</label>
      <labelposition x="-76.0" y="-21.0" width="166.0" height="50.0" />
    </transition>
    <transition source="3" target="4">
      <label>reset</label>
      <labelposition x="-2.0" y="-34.0" />
    </transition>
    <transition source="4" target="1">
      <label>send</label>
      <labelposition x="-3.0" y="-11.0" />
    </transition>
  </component>
  <component id="SM13">
    <param name="send" type="label" local="false" />
    <param name="back" type="label" local="false" />
    <param name="sync" type="label" local="false" />
    <param name="reset" type="label" local="false" />
    <location id="1" name="send" x="280.0" y="223.0" width="152.0" height="92.0" />
    <location id="2" name="sync" x="652.0" y="224.0" width="144.0" height="88.0" />
    <location id="3" name="work" x="281.0" y="371.0" width="160.0" height="92.0" />
    <location id="4" name="lu" x="465.0" y="314.0" />
    <transition source="2" target="3">
      <label>back</label>
      <labelposition x="-177.0" y="-47.0" width="174.0" height="50.0" />
      <middlepoint x="651.5" y="369.5" />
    </transition>
    <transition source="1" target="2">
      <label>sync</label>
      <labelposition x="-76.0" y="-21.0" width="166.0" height="50.0" />
    </transition>
    <transition source="3" target="4">
      <label>reset</label>
      <labelposition x="-2.0" y="-34.0" />
    </transition>
    <transition source="4" target="1">
      <label>send</label>
      <labelposition x="-3.0" y="-11.0" />
    </transition>
  </component>
  <component id="SM14">
    <param name="send" type="label" local="false" />
    <param name="back" type="label" local="false" />
    <param name="sync" type="label" local="false" />
    <param name="reset" type="label" local="false" />
    <location id="1" name="send" x="280.0" y="223.0" width="152.0" height="92.0" />
    <location id="2" name="sync" x="652.0" y="224.0" width="144.0" height="88.0" />
    <location id="3" name="work" x="281.0" y="371.0" width="160.0" height="92.0" />
    <location id="4" name="lu" x="465.0" y="314.0" />
    <transition source="2" target="3">
      <label>back</label>
      <labelposition x="-177.0" y="-47.0" width="174.0" height="50.0" />
      <middlepoint x="651.5" y="369.5" />
    </transition>
    <transition source="1" target="2">
      <label>sync</label>
      <labelposition x="-76.0" y="-21.0" width="166.0" height="50.0" />
    </transition>
    <transition source="3" target="4">
      <label>reset</label>
      <labelposition x="-2.0" y="-34.0" />
    </transition>
    <transition source="4" target="1">
      <label>send</label>
      <labelposition x="-3.0" y="-11.0" />
    </transition>
  </component>
  <component id="SM15">
    <param name="send" type="label" local="false" />
    <param name="back" type="label" local="false" />
    <param name="sync" type="label" local="false" />
    <param name="reset" type="label" local="false" />
    <location id="1" name="send" x="280.0" y="223.0" width="152.0" height="92.0" />
    <location id="2" name="sync" x="652.0" y="224.0" width="144.0" height="88.0" />
    <location id="3" name="work" x="281.0" y="371.0" width="160.0" height="92.0" />
    <location id="4" name="lu" x="465.0" y="314.0" />
    <transition source="2" target="3">
      <label>back</label>
      <labelposition x="-177.0" y="-47.0" width="174.0" height="50.0" />
      <middlepoint x="651.5" y="369.5" />
    </transition>
    <transition source="1" target="2">
      <label>sync</label>
      <labelposition x="-76.0" y="-21.0" width="166.0" height="50.0" />
    </transition>
    <transition source="3" target="4">
      <label>reset</label>
      <labelposition x="-2.0" y="-34.0" />
    </transition>
    <transition source="4" target="1">
      <label>send</label>
      <labelposition x="-3.0" y="-11.0" />
    </transition>
  </component>
  <component id="SM16">
    <param name="send" type="label" local="false" />
    <param name="back" type="label" local="false" />
    <param name="sync" type="label" local="false" />
    <param name="reset" type="label" local="false" />
    <location id="1" name="send" x="280.0" y="223.0" width="152.0" height="92.0" />
    <location id="2" name="sync" x="652.0" y="224.0" width="144.0" height="88.0" />
    <location id="3" name="work" x="281.0" y="371.0" width="160.0" height="92.0" />
    <location id="4" name="lu" x="465.0" y="314.0" />
    <transition source="2" target="3">
      <label>back</label>
      <labelposition x="-177.0" y="-47.0" width="174.0" height="50.0" />
      <middlepoint x="651.5" y="369.5" />
    </transition>
    <transition source="1" target="2">
      <label>sync</label>
      <labelposition x="-76.0" y="-21.0" width="166.0" height="50.0" />
    </transition>
    <transition source="3" target="4">
      <label>reset</label>
      <labelposition x="-2.0" y="-34.0" />
    </transition>
    <transition source="4" target="1">
      <label>send</label>
      <labelposition x="-3.0" y="-11.0" />
    </transition>
  </component>
  <component id="SM17">
    <param name="send" type="label" local="false" />
    <param name="back" type="label" local="false" />
    <param name="sync" type="label" local="false" />
    <param name="reset" type="label" local="false" />
    <location id="1" name="send" x="280.0" y="223.0" width="152.0" height="92.0" />
    <location id="2" name="sync" x="652.0" y="224.0" width="144.0" height="88.0" />
    <location id="3" name="work" x="281.0" y="371.0" width="160.0" height="92.0" />
    <location id="4" name="lu" x="465.0" y="314.0" />
    <transition source="2" target="3">
      <label>back</label>
      <labelposition x="-177.0" y="-47.0" width="174.0" height="50.0" />
      <middlepoint x="651.5" y="369.5" />
    </transition>
    <transition source="1" target="2">
      <label>sync</label>
      <labelposition x="-76.0" y="-21.0" width="166.0" height="50.0" />
    </transition>
    <transition source="3" target="4">
      <label>reset</label>
      <labelposition x="-2.0" y="-34.0" />
    </transition>
    <transition source="4" target="1">
      <label>send</label>
      <labelposition x="-3.0" y="-11.0" />
    </transition>
  </component>
  <component id="SM18">
    <param name="send" type="label" local="false" />
    <param name="back" type="label" local="false" />
    <param name="sync" type="label" local="false" />
    <param name="reset" type="label" local="false" />
    <location id="1" name="send" x="280.0" y="223.0" width="152.0" height="92.0" />
    <location id="2" name="sync" x="652.0" y="224.0" width="144.0" height="88.0" />
    <location id="3" name="work" x="281.0" y="371.0" width="160.0" height="92.0" />
    <location id="4" name="lu" x="465.0" y="314.0" />
    <transition source="2" target="3">
      <label>back</label>
      <labelposition x="-177.0" y="-47.0" width="174.0" height="50.0" />
      <middlepoint x="651.5" y="369.5" />
    </transition>
    <transition source="1" target="2">
      <label>sync</label>
      <labelposition x="-76.0" y="-21.0" width="166.0" height="50.0" />
    </transition>
    <transition source="3" target="4">
      <label>reset</label>
      <labelposition x="-2.0" y="-34.0" />
    </transition>
    <transition source="4" target="1">
      <label>send</label>
      <labelposition x="-3.0" y="-11.0" />
    </transition>
  </component>
  <component id="SM19">
    <param name="send" type="label" local="false" />
    <param name="back" type="label" local="false" />
    <param name="sync" type="label" local="false" />
    <param name="reset" type="label" local="false" />
    <location id="1" name="send" x="280.0" y="223.0" width="152.0" height="92.0" />
    <location id="2" name="sync" x="652.0" y="224.0" width="144.0" height="88.0" />
    <location id="3" name="work" x="281.0" y="371.0" width="160.0" height="92.0" />
    <location id="4" name="lu" x="465.0" y="314.0" />
    <transition source="2" target="3">
      <label>back</label>
      <labelposition x="-177.0" y="-47.0" width="174.0" height="50.0" />
      <middlepoint x="651.5" y="369.5" />
    </transition>
    <transition source="1" target="2">
      <label>sync</label>
      <labelposition x="-76.0" y="-21.0" width="166.0" height="50.0" />
    </transition>
    <transition source="3" target="4">
      <label>reset</label>
      <labelposition x="-2.0" y="-34.0" />
    </transition>
    <transition source="4" target="1">
      <label>send</label>
      <labelposition x="-3.0" y="-11.0" />
    </transition>
  </component>
  <component id="SM20">
    <param name="send" type="label" local="false" />
    <param name="back" type="label" local="false" />
    <param name="sync" type="label" local="false" />
    <param name="reset" type="label" local="false" />
    <location id="1" name="send" x="280.0" y="223.0" width="152.0" height="92.0" />
    <location id="2" name="sync" x="652.0" y="224.0" width="144.0" height="88.0" />
    <location id="3" name="work" x="281.0" y="371.0" width="160.0" height="92.0" />
    <location id="4" name="lu" x="465.0" y="314.0" />
    <transition source="2" target="3">
      <label>back</label>
      <labelposition x="-177.0" y="-47.0" width="174.0" height="50.0" />
      <middlepoint x="651.5" y="369.5" />
    </transition>
    <transition source="1" target="2">
      <label>sync</label>
      <labelposition x="-76.0" y="-21.0" width="166.0" height="50.0" />
    </transition>
    <transition source="3" target="4">
      <label>reset</label>
      <labelposition x="-2.0" y="-34.0" />
    </transition>
    <transition source="4" target="1">
      <label>send</label>
      <labelposition x="-3.0" y="-11.0" />
    </transition>
  </component>
  <component id="Time">
    <param name="t" type="real" local="false" d1="1" d2="1" dynamics="any" />
    <param name="trans" type="label" local="true" />
    <location id="1" name="timing" x="219.0" y="212.0">
      <invariant>t&lt;=1000</invariant>
      <flow>t'==1</flow>
    </location>
    <transition source="1" target="1">
      <label>trans</label>
      <guard>t&gt;=1000</guard>
      <assignment>t:=0</assignment>
      <labelposition x="49.0" y="-20.0" width="90.0" height="50.0" />
    </transition>
  </component>
  <component id="Resetter">
    <param name="x_CM1" type="real" local="false" d1="1" d2="1" dynamics="any" controlled="true" />
    <param name="delay" type="real" local="false" d1="1" d2="1" dynamics="const" />
    <param name="reset" type="label" local="false" />
    <param name="send" type="label" local="false" />
    <param name="drift" type="real" local="false" d1="1" d2="1" dynamics="const" />
    <param name="SM3_x" type="real" local="false" d1="1" d2="1" dynamics="any" />
    <param name="CM1" type="real" local="false" d1="1" d2="1" dynamics="any" controlled="false" />
    <param name="CM2" type="real" local="false" d1="1" d2="1" dynamics="any" controlled="false" />
    <param name="max_drift" type="real" local="false" d1="1" d2="1" dynamics="const" />
    <param name="sync" type="label" local="false" />
    <location id="1" name="pre" x="210.0" y="110.0" width="122.0" height="82.0">
      <invariant>x_CM1&lt;=delay</invariant>
      <flow>SM3_x'==1 &amp; 
x_CM1'==1</flow>
    </location>
    <location id="2" name="nst" x="589.0" y="111.0" width="110.0" height="82.0">
      <invariant>x_CM1&lt;=0</invariant>
      <flow>SM3_x'==1 &amp; 
x_CM1'==1</flow>
    </location>
    <location id="3" name="lu" x="393.0" y="236.0" width="114.0" height="78.0">
      <invariant>x_CM1&lt;=0</invariant>
      <flow>SM3_x'==1 &amp; 
x_CM1'==1</flow>
    </location>
    <transition source="1" target="2">
      <label>reset</label>
      <guard>x_CM1&gt;=delay</guard>
      <assignment>SM3_x:= SM3_x +drift &amp;
x_CM1:=0</assignment>
      <labelposition x="-100.0" y="-54.0" width="184.0" height="74.0" />
    </transition>
    <transition source="3" target="1">
      <label>sync</label>
      <assignment>SM3_x:=(CM1 + CM2)/2</assignment>
      <labelposition x="-121.0" y="9.0" width="146.0" height="50.0" />
    </transition>
    <transition source="2" target="3">
      <label>send</label>
      <labelposition x="0.0" y="0.0" />
    </transition>
  </component>
  <component id="System">
    <param name="t" type="real" local="false" d1="1" d2="1" dynamics="any" controlled="true" />
    <param name="sync" type="label" local="false" />
    <param name="send" type="label" local="false" />
    <param name="back" type="label" local="false" />
    <param name="reset" type="label" local="false" />
    <param name="x_CM1" type="real" local="false" d1="1" d2="1" dynamics="any" controlled="true" />
    <param name="SM3_x" type="real" local="false" d1="1" d2="1" dynamics="any" controlled="true" />
    <param name="CM1" type="real" local="false" d1="1" d2="1" dynamics="any" controlled="true" />
    <param name="delay" type="real" local="false" d1="1" d2="1" dynamics="const" controlled="true" />
    <param name="CM2" type="real" local="false" d1="1" d2="1" dynamics="any" controlled="true" />
    <param name="drift" type="real" local="false" d1="1" d2="1" dynamics="const" controlled="true" />
    <param name="max_drift" type="real" local="false" d1="1" d2="1" dynamics="const" controlled="true" />
    <bind component="Time" as="Time_1" x="283.0" y="180.0">
      <map key="t">t</map>
    </bind>
    <bind component="SM1" as="SM1_1" x="241.0" y="240.0">
      <map key="send">send</map>
      <map key="back">back</map>
      <map key="sync">sync</map>
      <map key="reset">reset</map>
    </bind>
    <bind component="SM2" as="SM2_1" x="296.0" y="245.0">
      <map key="send">send</map>
      <map key="back">back</map>
      <map key="sync">sync</map>
      <map key="reset">reset</map>
    </bind>
    <bind component="SM3" as="SM3_1" x="341.0" y="237.0">
      <map key="send">send</map>
      <map key="back">back</map>
      <map key="sync">sync</map>
      <map key="reset">reset</map>
    </bind>
    <bind component="SM4" as="SM4_1" x="395.0" y="236.0">
      <map key="send">send</map>
      <map key="back">back</map>
      <map key="sync">sync</map>
      <map key="reset">reset</map>
    </bind>
    <bind component="SM5" as="SM5_1" x="444.0" y="232.0">
      <map key="send">send</map>
      <map key="back">back</map>
      <map key="sync">sync</map>
      <map key="reset">reset</map>
    </bind>
    <bind component="SM6" as="SM6_1" x="496.0" y="236.0">
      <map key="send">send</map>
      <map key="back">back</map>
      <map key="sync">sync</map>
      <map key="reset">reset</map>
    </bind>
    <bind component="SM7" as="SM7_1" x="542.0" y="232.0">
      <map key="send">send</map>
      <map key="back">back</map>
      <map key="sync">sync</map>
      <map key="reset">reset</map>
    </bind>
    <bind component="SM8" as="SM8_1" x="588.0" y="239.0">
      <map key="send">send</map>
      <map key="back">back</map>
      <map key="sync">sync</map>
      <map key="reset">reset</map>
    </bind>
    <bind component="SM9" as="SM9_1" x="642.0" y="234.0">
      <map key="send">send</map>
      <map key="back">back</map>
      <map key="sync">sync</map>
      <map key="reset">reset</map>
    </bind>
    <bind component="SM10" as="SM10_1" x="700.0" y="238.0">
      <map key="send">send</map>
      <map key="back">back</map>
      <map key="sync">sync</map>
      <map key="reset">reset</map>
    </bind>
    <bind component="SM11" as="SM11_1" x="229.0" y="383.0">
      <map key="send">send</map>
      <map key="back">back</map>
      <map key="sync">sync</map>
      <map key="reset">reset</map>
    </bind>
    <bind component="SM12" as="SM12_1" x="293.0" y="381.0">
      <map key="send">send</map>
      <map key="back">back</map>
      <map key="sync">sync</map>
      <map key="reset">reset</map>
    </bind>
    <bind component="SM13" as="SM13_1" x="361.0" y="381.0">
      <map key="send">send</map>
      <map key="back">back</map>
      <map key="sync">sync</map>
      <map key="reset">reset</map>
    </bind>
    <bind component="SM14" as="SM14_1" x="435.0" y="381.0">
      <map key="send">send</map>
      <map key="back">back</map>
      <map key="sync">sync</map>
      <map key="reset">reset</map>
    </bind>
    <bind component="SM15" as="SM15_1" x="505.0" y="381.0">
      <map key="send">send</map>
      <map key="back">back</map>
      <map key="sync">sync</map>
      <map key="reset">reset</map>
    </bind>
    <bind component="SM16" as="SM16_1" x="575.0" y="381.0">
      <map key="send">send</map>
      <map key="back">back</map>
      <map key="sync">sync</map>
      <map key="reset">reset</map>
    </bind>
    <bind component="SM17" as="SM17_1" x="661.0" y="381.0">
      <map key="send">send</map>
      <map key="back">back</map>
      <map key="sync">sync</map>
      <map key="reset">reset</map>
    </bind>
    <bind component="SM18" as="SM18_1" x="733.0" y="374.0">
      <map key="send">send</map>
      <map key="back">back</map>
      <map key="sync">sync</map>
      <map key="reset">reset</map>
    </bind>
    <bind component="SM19" as="SM19_1" x="232.0" y="506.0">
      <map key="send">send</map>
      <map key="back">back</map>
      <map key="sync">sync</map>
      <map key="reset">reset</map>
    </bind>
    <bind component="SM20" as="SM20_1" x="303.0" y="507.0">
      <map key="send">send</map>
      <map key="back">back</map>
      <map key="sync">sync</map>
      <map key="reset">reset</map>
    </bind>
    <bind component="CM1" as="CM1_1" x="289.0" y="49.0">
      <map key="x_CM1">x_CM1</map>
      <map key="SM3_x">SM3_x</map>
      <map key="CM1">CM1</map>
      <map key="sync">sync</map>
      <map key="send">send</map>
      <map key="delay">delay</map>
      <map key="back">back</map>
      <map key="reset">reset</map>
    </bind>
    <bind component="CM2" as="CM2_1" x="338.0" y="46.0">
      <map key="x_CM1">x_CM1</map>
      <map key="SM3_x">SM3_x</map>
      <map key="CM2">CM2</map>
      <map key="sync">sync</map>
      <map key="send">send</map>
      <map key="delay">delay</map>
      <map key="back">back</map>
      <map key="reset">reset</map>
    </bind>
    <bind component="Resetter" as="Resetter_1" x="399.0" y="524.0">
      <map key="x_CM1">x_CM1</map>
      <map key="delay">delay</map>
      <map key="reset">reset</map>
      <map key="send">send</map>
      <map key="drift">drift</map>
      <map key="SM3_x">SM3_x</map>
      <map key="CM1">CM1</map>
      <map key="CM2">CM2</map>
      <map key="max_drift">max_drift</map>
      <map key="sync">sync</map>
    </bind>
  </component>
</sspaceex>

